Model,System_Clock_Error_ms,ChronoTick_Error_ms,ChronoTick_Error_StdDev_ms,Win_Rate_Percent,Improvement_Percent
Chronos-Bolt,228.77981265385947,786.61181529363,422.979041463807,16.666666666666664,-243.82920685566006
TimesFM 2.5,113.17402124404907,33.02051623662313,30.7736396525003,100.0,70.82323675199494
